"DESCRIPTION","DURATION IN MS","NAME","PARENT SUITE","START TIME","STATUS","STOP TIME","SUB SUITE","SUITE","TEST CLASS","TEST METHOD"
"","1246","Проверка перехода в дзен при нажатии на логотип яндекса","tests","2026-10-04","passed","2026-10-04","TestOrderPage","test_order_page","",""
"","1044","Проверка текста в выпадающем списке FAQ под номером 7","tests","2026-10-04","passed","2026-10-04","TestHomeFaq","test_home_faq","",""
"","712","Проверка текста в выпадающем списке FAQ под номером 4","tests","2026-10-04","passed","2026-10-04","TestHomeFaq","test_home_faq","",""
"","922","Проверка текста в выпадающем списке FAQ под номером 1","tests","2026-10-04","passed","2026-10-04","TestHomeFaq","test_home_faq","",""
"","1613","Проверка текста в выпадающем списке FAQ под номером 2","tests","2026-10-04","passed","2026-10-04","TestHomeFaq","test_home_faq","",""
"","756","Проверка текста в выпадающем списке FAQ под номером 3","tests","2026-10-04","passed","2026-10-04","TestHomeFaq","test_home_faq","",""
"","861","Проверка текста в выпадающем списке FAQ под номером 0","tests","2026-10-04","passed","2026-10-04","TestHomeFaq","test_home_faq","",""
"","2530","Позитивный флоу заказа самоката через кнопку top","tests","2026-10-04","passed","2026-10-04","TestOrderPage","test_order_page","",""
"","967","Проверка текста в выпадающем списке FAQ под номером 6","tests","2026-10-04","passed","2026-10-04","TestHomeFaq","test_home_faq","",""
"","2532","Позитивный флоу заказа самоката через кнопку bottom","tests","2026-10-04","passed","2026-10-04","TestOrderPage","test_order_page","",""
"","969","Проверка перехода на стартовую страницу при нажатии на логотип самоката","tests","2026-10-04","passed","2026-10-04","TestOrderPage","test_order_page","",""
"","752","Проверка текста в выпадающем списке FAQ под номером 5","tests","2026-10-04","passed","2026-10-04","TestHomeFaq","test_home_faq","",""
